{"cameraMode":{"drawMode":0,"name":"Shaded","section":"Shading Mode"},"sceneLighting":true,"audioPlay":false,"sceneViewState":{"m_AlwaysRefresh":false,"showFog":true,"showSkybox":true,"showFlares":true,"showImageEffects":true,"showParticleSystems":true,"showVisualEffectGraphs":true,"m_FxEnabled":true},"in2DMode":false,"pivot":{"x":-4.209802627563477,"y":2.1727538108825685,"z":0.4507640600204468},"rotation":{"x":0.008884924463927746,"y":-0.9900502562522888,"z":0.11969052255153656,"w":0.07350371032953263},"size":1.6817814111709595,"orthographic":false}