{"cameraMode":{"drawMode":0,"name":"Shaded","section":"Shading Mode"},"sceneLighting":false,"audioPlay":false,"sceneViewState":{"m_AlwaysRefresh":false,"showFog":true,"showSkybox":false,"showFlares":true,"showImageEffects":true,"showParticleSystems":true,"showVisualEffectGraphs":true,"m_FxEnabled":true},"in2DMode":false,"pivot":{"x":0.7738086581230164,"y":0.7925921082496643,"z":0.255825400352478},"rotation":{"x":0.1298396736383438,"y":0.8617392778396606,"z":-0.27594199776649477,"w":0.40547552704811098},"size":1.8138384819030762,"orthographic":false}