{"cameraMode":{"drawMode":0,"name":"Shaded","section":"Shading Mode"},"sceneLighting":false,"audioPlay":false,"sceneViewState":{"m_AlwaysRefresh":false,"showFog":true,"showSkybox":false,"showFlares":true,"showImageEffects":true,"showParticleSystems":true,"showVisualEffectGraphs":true,"m_FxEnabled":true},"in2DMode":false,"pivot":{"x":-4.557976722717285,"y":0.8882755041122437,"z":1.6430022716522217},"rotation":{"x":0.16028012335300446,"y":0.6484590172767639,"z":-0.14228667318820954,"w":0.7304598093032837},"size":1.7515335083007813,"orthographic":false}