{"cameraMode":{"drawMode":0,"name":"Shaded","section":"Shading Mode"},"sceneLighting":false,"audioPlay":false,"sceneViewState":{"m_AlwaysRefresh":false,"showFog":true,"showSkybox":false,"showFlares":true,"showImageEffects":true,"showParticleSystems":true,"showVisualEffectGraphs":true,"m_FxEnabled":true},"in2DMode":false,"pivot":{"x":25.416316986083986,"y":37.44788360595703,"z":-1.192859172821045},"rotation":{"x":-0.06022938713431358,"y":-0.038324031978845599,"z":0.002315471414476633,"w":-0.9974612593650818},"size":0.4330126941204071,"orthographic":false}